GROUP,PACKAGE,CLASS,INSTRUCTION_MISSED,INSTRUCTION_COVERED,BRANCH_MISSED,BRANCH_COVERED,LINE_MISSED,LINE_COVERED,COMPLEXITY_MISSED,COMPLEXITY_COVERED,METHOD_MISSED,METHOD_COVERED
portfolio-backend,com.protify.portfolio.common.enums,PriceSource,0,41,0,0,0,4,0,2,0,2
portfolio-backend,com.protify.portfolio.common.enums,CurrencyCode,0,35,0,0,0,4,0,2,0,2
portfolio-backend,com.protify.portfolio.common.enums,FxSource,0,29,0,0,0,4,0,2,0,2
portfolio-backend,com.protify.portfolio.common.enums,AssetType,0,53,0,0,0,4,0,2,0,2
portfolio-backend,com.protify.portfolio.common.enums,TransactionType,0,47,0,0,0,4,0,2,0,2
portfolio-backend,com.protify.portfolio.common.enums,EnumMapping,0,21,0,4,0,6,0,3,0,1
portfolio-backend,com.protify.portfolio.valuation.spi,ConvertedMoney,0,12,0,0,0,1,0,1,0,1
portfolio-backend,com.protify.portfolio.valuation.spi,PricePoint,0,12,0,0,0,1,0,1,0,1
portfolio-backend,com.protify.portfolio.valuation.spi,FxRateConversionAdapter,0,45,0,0,0,8,0,6,0,6
portfolio-backend,com.protify.portfolio.valuation.spi,MarketDataPriceLookupAdapter,0,33,0,0,0,7,0,4,0,4
portfolio-backend,com.protify.portfolio.marketdata,RefreshPricesResult,0,18,0,0,0,1,0,1,0,1
portfolio-backend,com.protify.portfolio.marketdata,RefreshStatus,0,21,0,0,0,2,0,1,0,1
portfolio-backend,com.protify.portfolio.marketdata,PriceHistoryRepository,2,116,1,1,1,30,1,7,0,7
portfolio-backend,com.protify.portfolio.marketdata,SymbolRefreshResult,0,18,0,0,0,1,0,1,0,1
portfolio-backend,com.protify.portfolio.marketdata,PriceHistoryRow,0,15,0,0,0,1,0,1,0,1
portfolio-backend,com.protify.portfolio.marketdata,CachingMarketDataService,10,188,1,5,2,40,1,14,0,12
portfolio-backend,com.protify.portfolio.marketdata,InstrumentLookupRepository,0,60,0,0,0,16,0,5,0,5
portfolio-backend,com.protify.portfolio.marketdata,RateLimitedProviderConfig,9,32,2,2,0,7,3,2,1,2
portfolio-backend,com.protify.portfolio.marketdata,RateLimitedProvider,82,362,12,26,12,73,11,21,2,11
portfolio-backend,com.protify.portfolio.marketdata,RateLimitedProvider.BreakerState,0,21,0,0,0,1,0,1,0,1
portfolio-backend,com.protify.portfolio.marketdata,PriceResult,0,15,0,0,0,1,0,1,0,1
portfolio-backend,com.protify.portfolio.marketdata,PriceRefreshScheduler,53,292,5,21,5,56,7,22,2,14
portfolio-backend,com.protify.portfolio.marketdata,InstrumentLookupRepository.InstrumentRef,0,12,0,0,0,1,0,1,0,1
portfolio-backend,com.protify.portfolio.graphql,PortfolioGraphQlController,8,120,4,4,0,24,4,5,0,5
portfolio-backend,com.protify.portfolio.graphql,GraphQlExceptionResolver,108,3,15,0,26,1,14,1,4,1
portfolio-backend,com.protify.portfolio.graphql,GraphQlConfig.new Coercing() {...},34,22,2,2,8,5,3,3,1,3
portfolio-backend,com.protify.portfolio.graphql,GraphQlConfig.new Coercing() {...},53,3,4,0,12,1,5,1,3,1
portfolio-backend,com.protify.portfolio.graphql,GraphQlErrorEnrichmentInterceptor,3,85,3,5,0,21,3,8,0,7
portfolio-backend,com.protify.portfolio.graphql,GraphQlConfig,0,61,0,0,0,14,0,8,0,8
portfolio-backend,com.protify.portfolio.portfolio,PortfolioRepository,12,190,0,0,0,37,2,8,2,8
portfolio-backend,com.protify.portfolio.portfolio,Portfolio,0,21,0,0,0,1,0,1,0,1
portfolio-backend,com.protify.portfolio.portfolio,PortfolioService,22,68,2,2,4,12,4,7,2,7
portfolio-backend,com.protify.portfolio.holding,Holding,0,24,0,0,0,1,0,1,0,1
portfolio-backend,com.protify.portfolio.holding,ProjectionResult,0,9,0,0,0,1,0,1,0,1
portfolio-backend,com.protify.portfolio.holding,HoldingRepository,0,67,0,0,0,17,0,4,0,4
portfolio-backend,com.protify.portfolio.holding,ProjectionContext,0,17,0,0,0,2,0,3,0,3
portfolio-backend,com.protify.portfolio.holding,HoldingState,0,15,0,0,0,1,0,1,0,1
portfolio-backend,com.protify.portfolio.holding,ProjectionEngine,4,244,2,20,0,40,2,15,0,4
portfolio-backend,com.protify.portfolio.api.valuation,PerformanceController,0,40,0,4,0,8,0,4,0,2
portfolio-backend,com.protify.portfolio.api.valuation,ValuationController,0,36,0,2,0,9,0,3,0,2
portfolio-backend,com.protify.portfolio.api.valuation,PerformanceViewService,3,161,2,17,1,28,2,13,0,5
portfolio-backend,com.protify.portfolio.security,SecurityConfig,16,209,6,2,1,46,5,16,1,16
portfolio-backend,com.protify.portfolio.security,AuthenticationFailureReasons,0,29,1,7,0,6,1,4,0,1
portfolio-backend,com.protify.portfolio.security,EmailVerifiedFilter,0,34,0,4,0,9,0,4,0,2
portfolio-backend,com.protify.portfolio.api.validation,ConsistentWithTransactionTypeValidator,16,93,5,19,3,20,5,11,0,4
portfolio-backend,com.protify.portfolio.support,Page,2,28,1,1,0,2,1,2,0,2
portfolio-backend,com.protify.portfolio.support,BaseRepository,6,37,1,1,1,9,1,3,0,3
portfolio-backend,com.protify.portfolio.support,Pageable,12,19,2,2,2,5,2,2,0,2
portfolio-backend,com.protify.portfolio.api.portfolio,PortfolioSummary,0,27,0,0,0,1,0,1,0,1
portfolio-backend,com.protify.portfolio.api.portfolio,ValuationBackedPortfolioSummaryProvider,2,49,1,1,0,14,1,2,0,2
portfolio-backend,com.protify.portfolio.api.portfolio,PortfolioController,0,168,0,4,0,37,0,9,0,7
portfolio-backend,com.protify.portfolio.common.money,MoneyUtils,0,66,0,8,0,13,0,12,0,8
portfolio-backend,com.protify.portfolio.common.money,Money,4,59,2,6,2,9,2,5,0,3
portfolio-backend,com.protify.portfolio.api.instrument,InstrumentController,0,26,0,0,0,7,0,2,0,2
portfolio-backend,com.protify.portfolio.api.transaction,TransactionQueryService,0,211,1,9,0,41,1,13,0,9
portfolio-backend,com.protify.portfolio.api.transaction,TransactionController,0,103,0,0,0,22,0,4,0,4
portfolio-backend,com.protify.portfolio.insights,Highlight,0,12,0,0,0,1,0,1,0,1
portfolio-backend,com.protify.portfolio.insights,Engine,0,15,0,0,0,2,0,1,0,1
portfolio-backend,com.protify.portfolio.insights,InsightsResult,0,12,0,0,0,1,0,1,0,1
portfolio-backend,com.protify.portfolio.insights,HoldingSummary,0,15,0,0,0,1,0,1,0,1
portfolio-backend,com.protify.portfolio.insights,RuleBasedInsights,48,383,24,30,9,62,23,16,0,12
portfolio-backend,com.protify.portfolio.insights,PortfolioSummary,0,15,0,0,0,1,0,1,0,1
portfolio-backend,com.protify.portfolio.insights,InsightsClient,4,78,1,3,2,24,1,7,0,6
portfolio-backend,com.protify.portfolio.health,MarketDataHealthIndicator,0,38,1,3,0,9,1,3,0,2
portfolio-backend,com.protify.portfolio.health,FxHealthIndicator,0,74,0,4,0,20,0,5,0,3
portfolio-backend,com.protify.portfolio.api.mapper,UserMapper,0,17,0,0,0,7,0,2,0,2
portfolio-backend,com.protify.portfolio.api.mapper,HoldingMapper,0,133,1,19,0,30,1,13,0,4
portfolio-backend,com.protify.portfolio.api.mapper,TransactionMapper,2,136,3,16,0,33,3,12,0,5
portfolio-backend,com.protify.portfolio.api.mapper,ValuationMapper,0,66,0,4,0,15,0,5,0,3
portfolio-backend,com.protify.portfolio.api.mapper,PortfolioMapper,4,67,3,3,1,21,3,3,0,3
portfolio-backend,com.protify.portfolio.api.mapper,InstrumentMapper,0,22,0,0,0,9,0,2,0,2
portfolio-backend,com.protify.portfolio.api.mapper,PerformanceMapper,0,97,0,2,0,23,0,6,0,5
portfolio-backend,com.protify.portfolio.api.allocation,AllocationService,20,359,11,23,5,66,10,22,0,13
portfolio-backend,com.protify.portfolio.api.allocation,AllocationController,0,23,0,0,0,6,0,2,0,2
portfolio-backend,com.protify.portfolio.common.port,FxQuote,0,18,0,0,0,1,0,1,0,1
portfolio-backend,com.protify.portfolio.common.port,PriceQuote,0,18,0,0,0,1,0,1,0,1
portfolio-backend,com.protify.portfolio.marketdata.provider,YahooSymbolMapping,0,229,0,0,0,22,0,2,0,2
portfolio-backend,com.protify.portfolio.marketdata.provider,YahooMarketDataProvider,3,266,8,16,2,50,8,14,0,10
portfolio-backend,com.protify.portfolio.marketdata.provider,TwelveDataMarketDataProvider.TwelveDataTimeSeriesResponse.Value,9,0,0,0,1,0,1,0,1,0
portfolio-backend,com.protify.portfolio.marketdata.provider,YahooSymbolMapping.Mapping,0,12,0,0,0,1,0,1,0,1
portfolio-backend,com.protify.portfolio.marketdata.provider,YahooChartResponse.YahooIndicators,0,6,0,0,0,1,0,1,0,1
portfolio-backend,com.protify.portfolio.marketdata.provider,YahooChartResponse.YahooMeta,0,9,0,0,0,1,0,1,0,1
portfolio-backend,com.protify.portfolio.marketdata.provider,YahooChartResponse.YahooChart,0,9,0,0,0,1,0,1,0,1
portfolio-backend,com.protify.portfolio.marketdata.provider,YahooChartResponse.YahooResult,0,12,0,0,0,1,0,1,0,1
portfolio-backend,com.protify.portfolio.marketdata.provider,YahooChartResponse.YahooQuote,0,6,0,0,0,1,0,1,0,1
portfolio-backend,com.protify.portfolio.marketdata.provider,TwelveDataMarketDataProvider,146,42,13,5,25,14,13,5,4,5
portfolio-backend,com.protify.portfolio.api.holding,HoldingViewService,15,250,4,16,2,49,4,14,0,8
portfolio-backend,com.protify.portfolio.api.holding,HoldingValuation,0,30,0,0,0,1,0,1,0,1
portfolio-backend,com.protify.portfolio.api.holding,HoldingController,0,23,0,0,0,6,0,2,0,2
portfolio-backend,com.protify.portfolio.web,CorrelationIdFilterConfig,0,25,0,0,0,5,0,2,0,2
portfolio-backend,com.protify.portfolio.web,CorrelationIdFilter,0,29,0,4,0,9,0,4,0,2
portfolio-backend,com.protify.portfolio.common.error,CurrencyMismatchException,0,31,0,0,0,8,0,5,0,5
portfolio-backend,com.protify.portfolio.common.error,UpstreamException,0,22,0,0,0,9,0,5,0,5
portfolio-backend,com.protify.portfolio.common.error,ValidationException,0,18,0,0,0,7,0,4,0,4
portfolio-backend,com.protify.portfolio.common.error,InsufficientQuantityException,0,47,0,0,0,12,0,7,0,7
portfolio-backend,com.protify.portfolio.common.error,NotFoundException,0,33,0,0,0,6,0,4,0,4
portfolio-backend,com.protify.portfolio.common.error,DomainException,0,9,0,0,0,4,0,2,0,2
portfolio-backend,com.protify.portfolio.fx,FxRefreshScheduler,6,93,0,8,2,26,1,10,1,6
portfolio-backend,com.protify.portfolio.fx,FxRateRow,0,18,0,0,0,1,0,1,0,1
portfolio-backend,com.protify.portfolio.fx,ConversionResult,0,21,0,0,0,2,0,2,0,2
portfolio-backend,com.protify.portfolio.fx,FxRateRepository,1,157,1,1,1,37,1,9,0,9
portfolio-backend,com.protify.portfolio.fx,CachingFxRateService,0,279,1,23,0,53,1,24,0,13
portfolio-backend,com.protify.portfolio.fx,FrankfurterFxRateProvider,67,172,7,5,8,34,8,12,4,10
portfolio-backend,com.protify.portfolio.api.error,RequestValidationException,0,17,0,0,0,6,0,3,0,3
portfolio-backend,com.protify.portfolio.api.error,ConflictException,0,10,0,0,0,4,0,2,0,2
portfolio-backend,com.protify.portfolio.api.error,FieldViolation,0,9,0,0,0,1,0,1,0,1
portfolio-backend,com.protify.portfolio.api.error,GlobalExceptionHandler,6,343,4,11,1,51,4,28,0,23
portfolio-backend,com.protify.portfolio.instrument,Instrument,0,27,0,0,0,1,0,1,0,1
portfolio-backend,com.protify.portfolio.instrument,InstrumentRepository,2,139,1,9,1,27,1,9,0,5
portfolio-backend,com.protify.portfolio.valuation,ValuationFolder,0,41,0,2,0,8,0,3,0,2
portfolio-backend,com.protify.portfolio.valuation,AnalyticsService.Chained,0,18,0,0,0,1,0,1,0,1
portfolio-backend,com.protify.portfolio.valuation,AllocateBy,0,27,0,0,0,5,0,1,0,1
portfolio-backend,com.protify.portfolio.valuation,AnalyticsService,6,441,2,28,2,95,2,23,0,10
portfolio-backend,com.protify.portfolio.valuation,Compounding,0,252,2,26,0,51,2,17,0,5
portfolio-backend,com.protify.portfolio.valuation,AllocationService.Bucket,0,22,0,0,0,7,0,2,0,2
portfolio-backend,com.protify.portfolio.valuation,AnalyticsResult,0,42,0,0,0,1,0,1,0,1
portfolio-backend,com.protify.portfolio.valuation,ValuationSnapshotScheduler,81,19,2,0,17,7,2,2,1,2
portfolio-backend,com.protify.portfolio.valuation,ValuationFolder.Snapshot,0,9,0,0,0,1,0,1,0,1
portfolio-backend,com.protify.portfolio.valuation,ValuationFolder.Accumulator,18,212,6,14,3,37,6,12,0,6
portfolio-backend,com.protify.portfolio.valuation,ValuationSnapshotRepository,11,150,1,5,2,38,2,9,1,7
portfolio-backend,com.protify.portfolio.valuation,DayReturn,0,12,0,0,0,1,0,1,0,1
portfolio-backend,com.protify.portfolio.valuation,PerformanceSummary,0,18,0,0,0,1,0,1,0,1
portfolio-backend,com.protify.portfolio.valuation,ValuationService.Accumulated,0,27,0,0,0,9,0,1,0,1
portfolio-backend,com.protify.portfolio.valuation,ValuationSnapshot,0,75,0,0,0,5,0,3,0,3
portfolio-backend,com.protify.portfolio.valuation,PerformanceService,2,662,6,78,2,136,6,46,0,10
portfolio-backend,com.protify.portfolio.valuation,PerformanceResult,0,30,0,0,0,1,0,1,0,1
portfolio-backend,com.protify.portfolio.valuation,PositionPricer.Priced,0,15,0,0,0,1,0,1,0,1
portfolio-backend,com.protify.portfolio.valuation,AllocationService,11,445,9,41,2,86,9,31,0,13
portfolio-backend,com.protify.portfolio.valuation,CashFlowSeries,1,82,2,12,1,16,2,7,0,2
portfolio-backend,com.protify.portfolio.valuation,PerformancePoint,0,24,0,0,0,1,0,1,0,1
portfolio-backend,com.protify.portfolio.valuation,PositionPricer,17,116,2,6,3,23,3,6,1,4
portfolio-backend,com.protify.portfolio.valuation,AllocationSlice,0,18,0,0,0,1,0,1,0,1
portfolio-backend,com.protify.portfolio.valuation,AllocationResult,0,33,0,0,0,1,0,1,0,1
portfolio-backend,com.protify.portfolio.valuation,ValuationFolder.InstrumentPosition,0,12,0,0,0,1,0,1,0,1
portfolio-backend,com.protify.portfolio.valuation,ValuationService,1,316,1,33,0,51,1,23,0,7
portfolio-backend,com.protify.portfolio.valuation,PerformanceService.DayValuation,0,12,0,0,0,1,0,1,0,1
portfolio-backend,com.protify.portfolio.valuation,ValuationResult,0,45,0,0,0,1,0,1,0,1
portfolio-backend,com.protify.portfolio.valuation,Drawdown,0,12,0,0,0,1,0,1,0,1
portfolio-backend,com.protify.portfolio.valuation,ValuationSnapshotService,36,83,1,7,6,19,2,9,1,6
portfolio-backend,com.protify.portfolio.transaction,TransactionRepository,2,216,1,7,0,35,1,9,0,6
portfolio-backend,com.protify.portfolio.transaction,RecordTransactionResult,0,12,0,0,0,3,0,1,0,1
portfolio-backend,com.protify.portfolio.transaction,TxnFilter,0,23,0,0,0,2,0,2,0,2
portfolio-backend,com.protify.portfolio.transaction,TransactionService,30,354,4,28,4,69,4,24,0,12
portfolio-backend,com.protify.portfolio.transaction,Txn,0,36,0,0,0,1,0,1,0,1
portfolio-backend,com.protify.portfolio.transaction,RecordTransactionCommand,0,31,0,2,0,4,0,2,0,1
portfolio-backend,com.protify.portfolio.user,CurrentUserResolverImpl,5,103,0,2,0,23,1,7,1,6
portfolio-backend,com.protify.portfolio.user,AppUserRepository,6,74,0,0,0,21,1,5,1,5
portfolio-backend,com.protify.portfolio.user,AppUser,0,24,0,0,0,1,0,1,0,1
portfolio-backend,com.protify.portfolio.api.user,CurrentUser,0,18,0,0,0,1,0,1,0,1
portfolio-backend,com.protify.portfolio.api.user,MeController,0,16,0,0,0,5,0,2,0,2
